Workbook

Sheet DATA
A2: SHIP'S NAME | C2: REIHOU
A4: SHIP DATA | E4: DRAFT MARK DISTANCES TO PERPENDICULARS
A6: Port of Registry | C6: IWAKI | E6: Length bw marks "A" | G6: 231.5
A7: Gross Tonage | C7: 60873 | E7: Initial Survey
A8: Net Tonage | C8: 25480 | F8: For'd | G8: 1.5 | H8: =IF(#REF!=S1,#REF!-(G8+G10),"") -> #REF!
A9: Summer Draught (m) | C9: 13.053 | F9: Mid | G9: 0
A10: Summer Displacement | C10: 113687 | F10: Aft | G10: 1.5
A11: Summer Deadweight | C11: 97114 | E11: Length bw marks "B" | G11: 215
A12: Light Ship | C12: 16576 | E12: Final Survey
A13: LBP (m) | C13: 234.5 | F13: For'd | G13: 1.5 | H13: =IF(#REF!=S1,#REF!-(G13+G15),"") -> #REF!
A14: BEAM (m) | C14: 43 | F14: Mid | G14: 0
A15: LOA (m) | C15: 239.9 | F15: Aft | G15: 18
A16: FWA (mm) | C16: 298
A19: HATCH DATA | E19: TANK DATA
A21: Hatch | B21: LCG | C21: CAPACITY (m3) | E21: Tanks | G21: LCG
A22: 1 | B22: -86.47 | C22: 18713.1 | E22: DWT (S) | G22: 112.18
A23: 2 | B23: -55.64 | C23: 22404.98 | E23: FWT (P) | G23: 112.18
A24: 3 | B24: -22.39 | C24: 23037.97 | E24: FWT (S) | G24: 0
A25: 4 | B25: 28.77 | C25: 26288.84 | E25: FO TANK 1(C) | G25: 29.25
A26: 5 | B26: 67.13 | C26: 25381.28 | E26: FO TANK 2(C) | G26: 66.88
A27: 6 | E27: FO TANK 3(P) | G27: 96.69
A28: 7 | E28: FO TANK 3(S) | G28: 97.05
A29: 8 | E29: DO TANK 1(P) | G29: 89.24
A30: 9 | E30: DO TANK 1(S) | G30: 89.24
A31: TOTAL | C31: =SUM(C22:C30) -> 115826.17 | E31: FPT | G31: -107.84
E32: APT | G32: 113.46

Sheet DRAFT SURVEY
N1: =COMPUTATION!D62 -> 70821.168
B2: INITIAL | F2: INTERMEDIATE | J2: FINAL
B4: 7.8 | D4: 7.8 | F4: 9.52 | H4: 9.62 | J4: 11.67 | L4: 11.67
B8: 8.62 | D8: 8.32 | F8: 10.9 | H8: 10.6 | J8: 11.84 | L8: 11.85
B9: =IF(D8>=B8,"",ABS(DEGREES((ATAN((D8-B8)/DATA!$C$14))))) -> 0.39973151 | D9: =IF(B8>=D8,"",ABS(DEGREES((ATAN((B8-D8)/DATA!$C$14))))) | F9: =IF(H8>=F8,"",ABS(DEGREES((ATAN((H8-F8)/DATA!$C$14))))) -> 0.39973151 | H9: =IF(F8>=H8,"",ABS(DEGREES((ATAN((F8-H8)/DATA!$C$14))))) | J9: =IF(L8>=J8,"",ABS(DEGREES((ATAN((L8-J8)/DATA!$C$14))))) | L9: =IF(J8>=L8,"",ABS(DEGREES((ATAN((J8-L8)/DATA!$C$14))))) -> 0.0133246
B10: =IF(B8<=D8,"",IF(B8-D8,"List to Port","List to Stbd")) -> List to Port | D10: =IF(B8>=D8,"",IF(B8>D8,"List to Port","List to Stbd")) | F10: =IF(F8<=H8,"",IF(F8-H8,"List to Port","List to Stbd")) -> List to Port | H10: =IF(F8>=H8,"",IF(F8>H8,"List to Port","List to Stbd")) | J10: =IF(J8<=L8,"",IF(J8-L8,"List to Port","List to Stbd")) | L10: =IF(J8>=L8,"",IF(J8>L8,"List to Port","List to Stbd")) -> List to Stbd
B12: 9.15 | D12: 9.15 | F12: 12.1 | H12: 12.3 | J12: 11.91 | L12: 11.91
B15: DENSITY | C15: 1.02 | F15: DENSITY | G15: 1.0205 | J15: DENSITY | K15: 1.0195
B17: F.O | C17: 750.92 | F17: F.O | G17: 736.91 | J17: F.O | K17: 785
B18: D.O | C18: 155.7 | F18: D.O | G18: 155.4 | J18: D.O | K18: 157.2
B19: BW | C19: 52763.67 | F19: BW | G19: 74 | J19: BW | K19: 159
B20: FW | C20: 295 | F20: FW | G20: 273 | J20: FW | K20: 74
B21: OTHERS | F21: OTHERS | J21: OTHERS
B22: TRIM | C22: =COMPUTATION!D19 -> 1.3674946 | F22: TRIM | G22: =COMPUTATION!$N$19 -> 2.8685349 | J22: TRIM | K22: =COMPUTATION!X19 -> 0.26176744
B23: =ABS(COMPUTATION!D5-COMPUTATION!D26)*100 -> 0.5 | C23: CONSTANT | D23: =COMPUTATION!D65 -> 279.87784 | F23: =ABS(COMPUTATION!M5-COMPUTATION!M26)*100 -> 23.59186 | G23: CARGO | H23: =COMPUTATION!$N$65 -> 74089.845 | J23: =ABS(COMPUTATION!W5-COMPUTATION!W26)*100 -> 4.5790698 | K23: CARGO | L23: =COMPUTATION!X65 -> 83601.745
B24: =IF(COMPUTATION!D5>COMPUTATION!D26,"cmSag","cmHog") -> cmHog | F24: =IF(COMPUTATION!M5>COMPUTATION!M26,"cmSag","cmHog") -> cmHog | J24: =IF(COMPUTATION!W5>COMPUTATION!W26,"cmSag","cmHog") -> cmSag
B25: REQ BALLAST | D25: =N1-C17-C18-C20-D26-DATA!C12 -> 52763.548
B26: REQ CONSTANT | D26: 280 | F26: SORFL2024
B30: =IF(B28<=D28,"",IF(B28>D28,"List to Port","List to Stbd"))
D62: ='DRAFT SURVEY'!C15:D15 -> 0

Sheet TRIMMING
A1: TRIMMING BY BALANCE CARGO
B2: FWD | C2: AFT | D2: MID | E2: TRIM | M2: LCF | N2: =((COMPUTATION!L42-COMPUTATION!K42)/((COMPUTATION!P30-COMPUTATION!O30)*100))*(Q4-COMPUTATION!O30)*100+COMPUTATION!K42 -> -1.2548653 | O2: PRESENT MID DRAFT | Q2: =D3 -> 10.75 | R2: TRIM NOW | S2: =(C3-B3)*100 -> 286.85349 | T2: cms | U2: x+y | V2: =B7/100 -> 27.08 | X2: =N7-M7 -> -5.73734
A3: INTERMEDIATE DRAFT | B3: =COMPUTATION!K19 -> 9.5516512 | C3: =COMPUTATION!K21 -> 12.420186 | D3: =COMPUTATION!M5 -> 10.75 | E3: =COMPUTATION!N19 -> 2.8685349 | M3: MCTC | N3: =(COMPUTATION!O55-COMPUTATION!O54)/((COMPUTATION!J55-COMPUTATION!J54)*100)*(Q4-COMPUTATION!J54)*100+COMPUTATION!O54 -> 1485.2725 | O3: FINAL MID DRAFT | Q3: =Q2+B7/COMPUTATION!M40/100 -> 11.043513 | R3: TRIM RQRD | S3: =C9 -> 26 | U3: =X2-V2 -> -32.81734 | W3: =S4-U3 -> -228.03615 | X3: =N8-M8 -> 4.6041965
A4: DEFLECTION | B4: =ABS(COMPUTATION!M5-COMPUTATION!M26)*100 -> 23.59186 | C4: ='DRAFT SURVEY'!F24 -> cmHog | M4: TPC | N4: =(COMPUTATION!M55-COMPUTATION!M54)/((COMPUTATION!J55-COMPUTATION!J54)*100)*(Q4-COMPUTATION!J54)*100+COMPUTATION!M54 -> 92.375783 | O4: HALF MID DRAFT | Q4: =(Q2+Q3)/2 -> 10.896756 | R4: COT | S4: =S3-S2 -> -260.85349 | U4: =X3-X2 -> 10.341536 | W4: =W3/U4*100 -> -2205.051
A5: CARGO ONBOARD | B5: ='DRAFT SURVEY'!H23 -> 74089.845 | C5: MT | W5: =B7-W4 -> 4913.051
A6: REQUIRED CARGO | B6: 83500 | C6: MT | M6: D-FWD | N6: D-AFT
A7: REMAINING TO LOAD | B7: 2708 | C7: MT | K7: HOLD | L7: 1 | M7: =(1/N4+(DATA!C13/2+N2)*((N2-P19)/(N3*DATA!C13)))*100 -> 3.9205029 | N7: =(1/N4-(DATA!C13/2-N2)*((N2-P19)/(N3*DATA!C13)))*100 -> -1.8168371
A8: FINAL MID DRAFT | B8: =D3+B7/COMPUTATION!M40/100 -> 11.043513 | C8: M | K8: HOLD | L8: 5 | M8: =(1/N4+(DATA!C13/2+N2)*((N2-P20)/(N3*DATA!C13)))*100 -> -1.1949253 | N8: =(1/N4-(DATA!C13/2-N2)*((N2-P20)/(N3*DATA!C13)))*100 -> 3.4092712
A9: REQUIRED TRIM | C9: 26 | K9: DRAFT PRESENT | M9: =B3 -> 9.5516512 | N9: =C3 -> 12.420186 | O9: =(M9+N9)/2 -> 10.985919
A10: LOAD / HATCH | B10: =W5 -> 4913.051 | C10: 1 | M10: =W5*M7/10000 -> 1.9261631 | N10: =N7*W5/10000 -> -0.89262131
A11: FINAL DRAFT | B11: =M11 -> 11.477814 | K11: DRAFT AFTER | L11: 1 | M11: =M9+M10 -> 11.477814 | N11: =N9+N10 -> 11.527565 | O11: =(M11+N11)/2 -> 11.502689
A12: LOAD / HATCH | B12: =W4 -> -2205.051 | C12: 5 | M12: =W4*M8/10000 -> 0.26348711 | N12: =N8*W4/10000 -> -0.75176167
A13: FINAL DRAFT | B13: =M13 -> 11.741301 | C13: =N13 -> 10.775803 | D13: =O13 -> 11.258552 | K13: DRAFT AFTER | L13: 5 | M13: =M11+M12 -> 11.741301 | N13: =N11+N12 -> 10.775803 | O13: =(M13+N13)/2 -> 11.258552
A14: DRAFT AT MARKS | B14: =M14 -> 11.734565 | C14: =N14 -> 10.856635 | D14: =O14 -> 11.494471 | E14: =M15 -> -87.792982 | K14: DRAFT @ MARKS | M14: =M13+(N13-M13)*DATA!G13/(DATA!C13-(DATA!G13+DATA!G15)) -> 11.734565 | N14: =N13-(N13-M13)*DATA!G15/(DATA!C13-(DATA!G13+DATA!G15)) -> 10.856635 | O14: =IF(C4="cm hog",(O13-B4/100),(O13+B4/100)) -> 11.494471
K15: TRIM @ MARKS | M15: =(N14-M14)*100 -> -87.792982
A16: DRAFT POUR TO GO
B17: FWD | C17: AFT | D17: MID | E17: TRIM
A18: PRESENT DRAFT | B18: =B3 -> 9.5516512 | C18: =C3 -> 12.420186 | D18: =D3 -> 10.75 | L18: LCG | M18: COT-FWD | N18: COT-AFT
A19: LOAD / HATCH | B19: 1230 | C19: 1 | P19: =VLOOKUP(TRIMMING!C10,DATA!A22:C30,2) -> -86.47
A20: FINAL DRAFT | B20: =B18+M20 -> 10.033873 | C20: =C18+N20 -> 12.196715 | D20: =COMPUTATION!M5+(B19/N4)/100 -> 10.883152 | E20: =C20-B20 -> 2.1628421 | K20: 1 | L20: =VLOOKUP(C19,DATA!A22:C30,2) -> -86.47 | M20: =(1/N4+(DATA!C13/2+N2)*((N2-L20)/(N3*DATA!C13)))*B19/100 -> 0.48222186 | N20: =(1/N4-(DATA!C13/2-N2)*((N2-L20)/(N3*DATA!C13)))*B19/100 -> -0.22347096 | P20: =VLOOKUP(C12,DATA!A22:C30,2) -> 67.13
A21: LOAD / HATCH | B21: 1320 | C21: 5 | P21: =IF(C9>0," cm by Stern"," cm by Head") -> cm by Stern
A22: FINAL DRAFT | B22: =B20+M22 -> 9.8761429 | C22: =C20+N22 -> 12.646739 | D22: =COMPUTATION!M5+((B19+B21)/N4)/100 -> 11.026046 | E22: =C22-B22 -> 2.770596 | K22: 5 | L22: =VLOOKUP(C21,DATA!A22:C30,2) -> 67.13 | M22: =(1/N4+(DATA!C13/2+N2)*((N2-L22)/(N3*DATA!C13)))*B21/100 -> -0.15773014 | N22: =(1/N4-(DATA!C13/2-N2)*((N2-L22)/(N3*DATA!C13)))*B21/100 -> 0.4500238
A23: LOAD / HATCH | C23: 5
A24: FINAL DRAFT | B24: =B22+M24 -> 9.8761429 | C24: =C22+N24 -> 12.646739 | D24: =COMPUTATION!M5+((B19+B21+B23)/N4)/100 -> 11.026046 | E24: =C24-B24 -> 2.770596 | K24: 5 | L24: =VLOOKUP(C23,DATA!A22:C30,2) -> 67.13 | M24: =(1/N4+(DATA!C13/2+N2)*((N2-L24)/(N3*DATA!C15)))*B23/100 -> 0 | N24: =(1/N4-(DATA!C13/2-N2)*((N2-L24)/(N3*DATA!C13)))*B23/100 -> 0
A25: DRAFT AT MARKS | B25: =B24+(C24-B24)*DATA!G13/(DATA!C13-(DATA!G13+DATA!G15)) -> 9.8954726 | C25: =C24-(C24-B24)*DATA!G15/(DATA!C13-(DATA!G13+DATA!G15)) -> 12.414782 | D25: =COMPUTATION!M5+((B19+B21+B23)/N4)/100 -> 11.026046 | E25: =C25-B25 -> 2.5193094
A28: DRAFT LIMITATION | J28: Trim now | K28: =(C30-B30)*100 -> 286.85349 | L28: x + y = | M28: =B36/100 -> 97.51 | O28: =N33-M33 -> -5.6917595 | P28: PRESENT MID DRAFT | R28: =D30 -> 10.75
B29: FWD | C29: AFT | D29: MID | E29: TRIM | J29: Trim Reqrd | K29: =B32 -> 0 | L29: =O28*M28 -> -555.00347 | N29: =K30-L29 -> 268.14998 | O29: =N34-M34 -> 4.4997628 | P29: FINAL MID DRAFT | R29: =B31 -> 11.8
A30: PRESENT DRAFT | B30: =B3 -> 9.5516512 | C30: =C3 -> 12.420186 | D30: =D3 -> 10.75 | E30: =E3 -> 2.8685349 | J30: COT | K30: =K29-K28 -> -286.85349 | L30: =O29-O28 -> 10.191522 | N30: =N29/L30*100 -> 2631.1082 | P30: HALF MID DRAFT | R30: =(R28+R29)/2 -> 11.275
A31: REQUIRED DRAFT | B31: 11.8 | N31: =B36-N30 -> 7119.8918
A32: REQUIRED TRIM | B32: 0 | C32: cm by Astern | K32: LCG | L32: HOLD | M32: D-FWD | N32: D-AFT | O32: MEAN | Q32: LCF | R32: =(COMPUTATION!L42-COMPUTATION!K42)/((COMPUTATION!P30-COMPUTATION!O30)*100)*(R30-COMPUTATION!P30)*100+COMPUTATION!L42 -> -0.6875
A33: HOLD NO. | B33: 1 | C33: =N31 -> 7119.8918 | K33: =VLOOKUP(L33,DATA!A22:C30,2) -> -86.47 | L33: =B33 -> 1 | M33: =(1/R34+(DATA!C13/2+R32)*((R32-K33)/(R33*DATA!C13)))*100 -> 3.9059958 | N33: =(1/R34-(DATA!C13/2-R32)*(R32-K33)/(R33*DATA!C13))*100 -> -1.7857637 | Q33: MCTC | R33: =(COMPUTATION!O55-COMPUTATION!O54)/((COMPUTATION!P30-COMPUTATION!O30)*100)*(R30-COMPUTATION!O30)*100+COMPUTATION!O54 -> 1507.135
A34: HOLD NO. | B34: 5 | C34: =N30 -> 2631.1082 | K34: =VLOOKUP(L34,DATA!A23:C31,2) -> 67.13 | L34: =B34 -> 5 | M34: =(1/R34+(DATA!C13/2+R32)*((R32-K34)/(R33*DATA!C13)))*100 -> -1.1598862 | N34: =(1/R34-(DATA!C13/2-R32)*(R32-K34)/(R33*DATA!C13))*100 -> 3.3398766 | Q34: TPC | R34: =(COMPUTATION!M55-COMPUTATION!M54)/((COMPUTATION!P30-COMPUTATION!O30)*100)*(R30-COMPUTATION!O30)*100+COMPUTATION!M54 -> 92.8675
A35: DRAFT AT MARKS | B35: =M40 -> 12.027499 | C35: =N40 -> 12.027499 | D35: =O40 -> 12.263418 | E35: =C35-B35 -> 0 | M35: =B30 -> 9.5516512 | N35: =C30 -> 12.420186 | O35: =(M35+N35)/2 -> 10.985919
A36: BAL CARGO | B36: =ROUND((B31-D30)*R34*100,0) -> 9751 | M36: =N30*M34/10000 -> -0.3051786 | N36: =N34*N30/10000 -> 0.87875769
M37: =SUM(M35:M36) -> 9.2464726 | N37: =SUM(N35:N36) -> 13.298944 | O37: =(M37+N37)/2 -> 11.272708
M38: =N31*M33/10000 -> 2.7810267 | N38: =N33*N31/10000 -> -1.2714444
M39: =SUM(M37:M38) -> 12.027499 | N39: =SUM(N37:N38) -> 12.027499 | O39: =(M39+N39)/2 -> 12.027499
M40: =M39+(N39-M39)*DATA!G13/(DATA!C13-(DATA!G13+DATA!G15)) -> 12.027499 | N40: =N39-(N39-M39)*DATA!G15/(DATA!C13-(DATA!G13+DATA!G15)) -> 12.027499 | O40: =IF(A4="cm Hog", (O39-B4/100),(O39+B4/100)) -> 12.263418

Sheet WEIGHTS

Sheet REPORT
A1: DRAFT SURVEY REPORT
A4: SHIP'S NAME | E4: =DATA!C2 -> REIHOU
A5: GROSS TONNAGE | E5: =DATA!C7 -> 60873
A6: PORT OF REGISTRY | E6: =DATA!C6 -> IWAKI
A7: SUMMER DRAFT | E7: =DATA!C9 -> 13.053
A8: VOYAGE NUMBER | E8: V68A
A9: LOAD PORT | E9: NEWCASTLE, AUSTRALIA
A10: DISCHARGE PORT | E10: ONAHAMA, JAPAN
A11: CARGO | E11: COAL
A13: INITIAL DRAFT SURVEY: | E13: 1030 | F13: - | G13: 0.14583333 | H13: 45365
A14: FINAL DRAFT SURVEY: | E14: 0.041666667 | F14: - | G14: 0.14583333 | H14: 45366
A16: LOADING COMMENCED | E16: 1030 | F16: - | G16: 0.14583333 | H16: 45365
A17: LOADING COMPLETED | E17: 0.041666667 | F17: - | G17: 0.14583333 | H17: 45366
A19: DRAFTS (meters) | E19: INITIAL | J19: FINAL
A20: FORWARD MEAN | E20: =COMPUTATION!B19 -> 7.7912527 | J20: =COMPUTATION!U19 -> 11.668326
A21: AFT MEAN | E21: =COMPUTATION!B21 -> 9.1587473 | J21: =COMPUTATION!U21 -> 11.930093
A22: FORWARD AND AFT MEAN | E22: =COMPUTATION!E26 -> 8.475 | J22: =COMPUTATION!X26 -> 11.799209
A23: MEAN MIDSHIPS | E23: =COMPUTATION!E5 -> 8.47 | J23: =COMPUTATION!X5 -> 11.845
A24: MEAN OF MEANS | E24: =COMPUTATION!E28 -> 8.4725 | J24: =COMPUTATION!X28 -> 11.822105
A25: QUARTER MEAN | E25: =COMPUTATION!E30 -> 8.47125 | J25: =COMPUTATION!X30 -> 11.833552
A27: DENSITY (kg/l) | E27: ='DRAFT SURVEY'!C15 -> 1.02 | J27: ='DRAFT SURVEY'!K15 -> 1.0195
A29: DISPLACEMENTS (tonnes)
A30: FROM SHIP'S SCALE | E30: =COMPUTATION!E33 -> 71401.975 | J30: =COMPUTATION!X33 -> 102178.55
A31: CORRECTED FOR TRIM | E31: =COMPUTATION!E59 -> 71168.33 | J31: =COMPUTATION!X59 -> 102181.11
A32: CORRECTED FOR DENSITY | E32: =COMPUTATION!E62 -> 70821.168 | J32: =COMPUTATION!X62 -> 101632.82
A34: KNOWN WEIGHTS
A35: BUNKERS | E35: ='DRAFT SURVEY'!C17+'DRAFT SURVEY'!C18 -> 906.62 | J35: ='DRAFT SURVEY'!K17+'DRAFT SURVEY'!K18 -> 942.2
A36: FRESH WATER | E36: ='DRAFT SURVEY'!C20 -> 295 | J36: ='DRAFT SURVEY'!K20 -> 74
A37: BALLAST | E37: ='DRAFT SURVEY'!C19 -> 52763.67 | J37: ='DRAFT SURVEY'!K19 -> 159
A38: OTHERS | E38: ='DRAFT SURVEY'!C21 -> 0 | J38: =COMPUTATION!J41 -> 0
A39: TOTAL KNOWN WEIGHTS | E39: =E35+E36+E37 -> 53965.29 | J39: =J35+J36+J37 -> 1175.2
A41: CORRECTED DISPLACEMENT | E41: =E32 -> 70821.168 | J41: =J32 -> 101632.82
A42: LIGHTSHIP | E42: =DATA!C12 -> 16576 | J42: =DATA!C12 -> 16576
A43: DEADWEIGHT | E43: =E41-E42 -> 54245.168 | J43: =J41-J42 -> 85056.823
A44: TOTAL KNOWN WEIGHTS | E44: =E39 -> 53965.29 | J44: =J39 -> 1175.2
A45: CONSTANT | E45: =E43-E44 -> 279.87784 | J45: =E45 -> 279.87784
A46: CARGO | J46: =J43-J44-J45 -> 83601.745
A48: From the figures obtained by means of the draught marks checked at the initial and final surveys, we hereby certify the weight of the cargo which was loaded on the above vessel.
A51: CARGO LOADED | C51: =J46 -> 83601.745 | G51: Equivalent to | I51: =C51*0.984207 -> 82281.422
H54: Master/Chief Officer

Sheet HYDRO
A1: Draft | B1: Disp | C1: TPC | D1: LCF | E1: MTC | F1: LCB
A2: 2.4
A3: 2.6
A4: 2.8
A5: 3
A6: =A5+0.2 -> 3.2
A7: =A6+0.2 -> 3.4
A8: =A7+0.2 -> 3.6
A9: =A8+0.2 -> 3.8
A10: =A9+0.2 -> 4
A11: =A10+0.2 -> 4.2
A12: =A11+0.2 -> 4.4
A13: =A12+0.2 -> 4.6
A14: =A13+0.2 -> 4.8
A15: =A14+0.2 -> 5 | B15: 41012 | C15: 85.92 | D15: -8.46 | E15: 1215.61
A16: =A15+0.2 -> 5.2 | B16: 42735 | C16: 86.06 | D16: -8.31 | E16: 1220.5
A17: =A16+0.2 -> 5.4 | B17: 44461 | C17: 86.2 | D17: -8.15 | E17: 1225.97
A18: =A17+0.2 -> 5.6 | B18: 46190 | C18: 86.35 | D18: -8.01 | E18: 1230.65
A19: =A18+0.2 -> 5.8 | B19: 47922 | C19: 86.5 | D19: -7.88 | E19: 1234.72
A20: =A19+0.2 -> 6 | B20: 49656 | C20: 86.66 | D20: -7.71 | E20: 1240.67
A21: =A20+0.2 -> 6.2 | B21: 51394 | C21: 86.83 | D21: -7.53 | E21: 1246.97
A22: =A21+0.2 -> 6.4 | B22: 53135 | C22: 87 | D22: -7.34 | E22: 1253.67
A23: =A22+0.2 -> 6.6 | B23: 54880 | C23: 87.18 | D23: -7.17 | E23: 1260.71
A24: =A23+0.2 -> 6.8 | B24: 56629 | C24: 87.37 | D24: -6.94 | E24: 1268.1
A25: =A24+0.2 -> 7 | B25: 58381 | C25: 87.57 | D25: -6.73 | E25: 1275.88
A26: =A25+0.2 -> 7.2 | B26: 60137 | C26: 87.77 | D26: -6.5 | E26: 1284.01
... A60: =A59+0.2 -> 14 | B60: 122750 | C60: 96.26 | D60: 3.12 | E60: 1665.71
A61: =A60+0.2 -> 14.2
A62: =A61+0.2 -> 14.4
A63: =A62+0.2 -> 14.6
A64: =A63+0.2 -> 14.8
A65: =A64+0.2 -> 15
A66: =A65+0.2 -> 15.2
A67: =A66+0.2 -> 15.4
A68: =A67+0.2 -> 15.6
A69: =A68+0.2 -> 15.8
A70: =A69+0.2 -> 16
A71: =A70+0.2 -> 16.2
A72: =A71+0.2 -> 16.4
... A77: =A76+0.2 -> 17.4

Sheet COMPUTATION
A1: INITIAL DRAFT SURVEY | J1: INTERMEDIATE DRAFT SURVEY | T1: FINAL DRAFT SURVEY
B2: MEAN DRAFTS | K2: MEAN DRAFTS | U2: MEAN DRAFTS
A3: FWD | B3: P | C3: ='DRAFT SURVEY'!B4 -> 7.8 | D3: =(C3+C4)/2 -> 7.8 | E3: =D3 -> 7.8 | J3: FWD | K3: P | L3: ='DRAFT SURVEY'!F4 -> 9.52 | M3: =(L3+L4)/2 -> 9.57 | N3: =M3 -> 9.57 | T3: FWD | U3: P | V3: ='DRAFT SURVEY'!J4 -> 11.67 | W3: =(V3+V4)/2 -> 11.67 | X3: =W3 -> 11.67
B4: S | C4: ='DRAFT SURVEY'!D4 -> 7.8 | K4: S | L4: ='DRAFT SURVEY'!H4 -> 9.62 | U4: S | V4: ='DRAFT SURVEY'!L4 -> 11.67
A5: MID | B5: P | C5: ='DRAFT SURVEY'!B8 -> 8.62 | D5: =(C5+C6)/2 -> 8.47 | E5: =D5 -> 8.47 | J5: MID | K5: P | L5: ='DRAFT SURVEY'!F8 -> 10.9 | M5: =(L5+L6)/2 -> 10.75 | N5: =M5 -> 10.75 | T5: MID | U5: P | V5: ='DRAFT SURVEY'!J8 -> 11.84 | W5: =(V5+V6)/2 -> 11.845 | X5: =W5 -> 11.845
B6: S | C6: ='DRAFT SURVEY'!D8 -> 8.32 | K6: S | L6: ='DRAFT SURVEY'!H8 -> 10.6 | U6: S | V6: ='DRAFT SURVEY'!L8 -> 11.85
A7: AFT | B7: P | C7: ='DRAFT SURVEY'!B12 -> 9.15 | D7: =(C7+C8)/2 -> 9.15 | E7: =D7 -> 9.15 | J7: AFT | K7: P | L7: ='DRAFT SURVEY'!F12 -> 12.1 | M7: =(L7+L8)/2 -> 12.2 | N7: =M7 -> 12.2 | T7: AFT | U7: P | V7: ='DRAFT SURVEY'!J12 -> 11.91 | W7: =(V7+V8)/2 -> 11.91 | X7: =W7 -> 11.91
B8: S | C8: ='DRAFT SURVEY'!D12 -> 9.15 | K8: S | L8: ='DRAFT SURVEY'!H12 -> 12.3 | U8: S | V8: ='DRAFT SURVEY'!L12 -> 11.91
A9: APPARENT TRIM | D9: =D7-D3 -> 1.35 | E9: =D9 -> 1.35 | J9: APPARENT TRIM | M9: =M7-M3 -> 2.63 | N9: =M9 -> 2.63 | T9: APPARENT TRIM | W9: =W7-W3 -> 0.24 | X9: =W9 -> 0.24
A12: FORWARD CORRECTION FACTOR | D12: =(1.5*D9)/DATA!G6 -> 0.0087473002 | E12: =D12 -> 0.0087473002 | J12: FORWARD CORRECTION FACTOR | M12: =(1.5*M9)/DATA!G11 -> 0.018348837 | N12: =M12 -> 0.018348837 | T12: FORWARD CORRECTION FACTOR | W12: =(1.5*W9)/DATA!G11 -> 0.0016744186 | X12: =W12 -> 0.0016744186
A14: AFT CORRECTION FACTOR | D14: =(1.5*D9)/DATA!G6 -> 0.0087473002 | E14: =D14 -> 0.0087473002 | J14: AFT CORRECTION FACTOR | M14: =(18*M9)/DATA!G11 -> 0.22018605 | N14: =M14 -> 0.22018605 | T14: AFT CORRECTION FACTOR | W14: =(18*W9)/DATA!G11 -> 0.020093023 | X14: =W14 -> 0.020093023
A17: CORRECTED DRAFTS | D17: ACTUAL TRIM | J17: CORRECTED DRAFTS | M17: ACTUAL TRIM | T17: CORRECTED DRAFTS | W17: ACTUAL TRIM
A19: FWD | B19: =D3-D12 -> 7.7912527 | D19: =B21-B19 -> 1.3674946 | E19: =D19 -> 1.3674946 | J19: FWD | K19: =M3-M12 -> 9.5516512 | M19: =K21-K19 -> 2.8685349 | N19: =M19 -> 2.8685349 | T19: FWD | U19: =W3-W12 -> 11.668326 | W19: =U21-U19 -> 0.26176744 | X19: =W19 -> 0.26176744
A21: AFT | B21: =D7+D14 -> 9.1587473 | J21: AFT | K21: =M7+M14 -> 12.420186 | T21: AFT | U21: =W7+W14 -> 11.930093
A24: QUARTER MEAN | J24: QUARTER MEAN | T24: QUARTER MEAN
A26: dF/A MEAN | D26: =(B19+B21)/2 -> 8.475 | E26: =D26 -> 8.475 | J26: dF/A MEAN | M26: =(K19+K21)/2 -> 10.985919 | N26: =M26 -> 10.985919 | T26: dF/A MEAN | W26: =(U19+U21)/2 -> 11.799209 | X26: =W26 -> 11.799209
A28: MEAN OF MEAN | D28: =(D26+D5)/2 -> 8.4725 | E28: =D28 -> 8.4725 | J28: MEAN OF MEAN | M28: =(M26+M5)/2 -> 10.867959 | N28: =M28 -> 10.867959 | T28: MEAN OF MEAN | W28: =(W26+W5)/2 -> 11.822105 | X28: =W28 -> 11.822105
A30: QUARTER MEAN | D30: =(D28+D5)/2 -> 8.47125 | E30: =D30 -> 8.47125 | F30: =LOOKUP(D30,HYDRO!A:A) -> 8.4 | G30: =F30+0.2 -> 8.6 | J30: QUARTER MEAN | M30: =(M28+M5)/2 -> 10.80898 | N30: =M30 -> 10.80898 | O30: =LOOKUP(M30,HYDRO!A:A) -> 10.8 | P30: =O30+0.2 -> 11 | T30: QUARTER MEAN | W30: =(W28+W5)/2 -> 11.833552 | X30: =W30 -> 11.833552 | Y30: =LOOKUP(W30,HYDRO!A:A) -> 11.8 | Z30: =Y30+0.2 -> 12
A33: 1ST APPARENT DISPLACEMENT | D33: =LOOKUP(F30,HYDRO!A:A,HYDRO!B:B) -> 70765 | E33: =A35 -> 71401.975 | J33: 1ST APPARENT DISPLACEMENT | M33: =LOOKUP(O30,HYDRO!A:A,HYDRO!B:B) -> 92563 | N33: =J35 -> 92646.107 | T33: 1ST APPARENT DISPLACEMENT | W33: =LOOKUP(Y30,HYDRO!A:A,HYDRO!B:B) -> 101864 | X33: =T35 -> 102178.55
A35: =(D30-G30)/(F30-G30)*(D33-D35)+D35 -> 71401.975 | D35: =LOOKUP(G30,HYDRO!A:A,HYDRO!B:B) -> 72553 | J35: =(M30-P30)/(O30-P30)*(M33-M35)+M35 -> 92646.107 | M35: =LOOKUP(P30,HYDRO!A:A,HYDRO!B:B) -> 94414 | T35: =(W30-Z30)/(Y30-Z30)*(W33-W35)+W35 -> 102178.55 | W35: =LOOKUP(Z30,HYDRO!A:A,HYDRO!B:B) -> 103739
A37: 1ST TRIM CORRECTION | J37: 1ST TRIM CORRECTION | T37: 1ST TRIM CORRECTION
A40: TPC | B40: =LOOKUP(F30,HYDRO!A:A,HYDRO!C:C) -> 89.12 | C40: =LOOKUP(G30,HYDRO!A:A,HYDRO!C:C) -> 89.37 | D40: =(D30-G30)/(F30-G30)*(B40-C40)+C40 -> 89.209063 | J40: TPC | K40: =LOOKUP(O30,HYDRO!A:A,HYDRO!C:C) -> 92.25 | L40: =LOOKUP(P30,HYDRO!A:A,HYDRO!C:C) -> 92.51 | M40: =(M30-P30)/(O30-P30)*(K40-L40)+L40 -> 92.261674 | T40: TPC | U40: =LOOKUP(Y30,HYDRO!A:A,HYDRO!C:C) -> 93.52 | V40: =LOOKUP(Z30,HYDRO!A:A,HYDRO!C:C) -> 93.77 | W40: =(W30-Z30)/(Y30-Z30)*(U40-V40)+V40 -> 93.56194
A42: LCF | B42: =LOOKUP(F30,HYDRO!A:A,HYDRO!D:D) -> -5 | C42: =LOOKUP(G30,HYDRO!A:A,HYDRO!D:D) -> -4.72 | D42: =(D30-G30)/(F30-G30)*(B42-C42)+C42 -> -4.90025 | J42: LCF | K42: =LOOKUP(O30,HYDRO!A:A,HYDRO!D:D) -> -1.4 | L42: =LOOKUP(P30,HYDRO!A:A,HYDRO!D:D) -> -1.1 | M42: =(M30-P30)/(O30-P30)*(K42-L42)+L42 -> -1.3865305 | T42: LCF | U42: =LOOKUP(Y30,HYDRO!A:A,HYDRO!D:D) -> 0.12 | V42: =LOOKUP(Z30,HYDRO!A:A,HYDRO!D:D) -> 0.4 | W42: =(W30-Z30)/(Y30-Z30)*(U42-V42)+V42 -> 0.16697326
A45: 1ST TRIM CORRECTION | D45: =D19*100*D40*D42/DATA!C13 -> -254.92357 | J45: 1ST TRIM CORRECTION | M45: =M19*100*M40*M42/DATA!C13 -> -156.48332 | T45: 1ST TRIM CORRECTION | W45: =W19*100*W40*W42/DATA!C13 -> 1.7438893
A48: 2ND TRIM CORRECTION | E48: DIFFERENCE MTC | J48: 2ND TRIM CORRECTION | N48: DIFFERENCE MTC | T48: 2ND TRIM CORRECTION | X48: DIFFERENCE MTC
A50: MTC1 | B50: =E30-0.5 -> 7.97125 | D50: =ROUNDDOWN(B50,2) -> 7.97 | E50: =LOOKUP(D50,HYDRO!A:A,HYDRO!E:E) -> 1310.58 | F50: =LOOKUP(D50,HYDRO!A:A) -> 7.8 | G50: =(B50-F51)/(F50-F51)*(E50-E51)+E51 -> 1318.8 | J50: MTC1 | K50: =N30-0.5 -> 10.30898 | M50: =ROUNDDOWN(K50,2) -> 10.3 | N50: =LOOKUP(M50,HYDRO!A:A,HYDRO!E:E) -> 1444.41 | O50: =LOOKUP(M50,HYDRO!A:A) -> 10.2 | P50: =(K50-O51)/(O50-O51)*(N50-N51)+N51 -> 1450.9324 | T50: MTC1 | U50: =X30-0.5 -> 11.333552 | W50: =ROUNDDOWN(U50,2) -> 11.33 | X50: =LOOKUP(W50,HYDRO!A:A,HYDRO!E:E) -> 1502.86 | Y50: =LOOKUP(W50,HYDRO!A:A) -> 11.2 | Z50: =(U50-Y51)/(Y50-Y51)*(X50-X51)+X51 -> 1510.4057
D51: =D50+0.2 -> 8.17 | E51: =LOOKUP(D51,HYDRO!A:A,HYDRO!E:E) -> 1320.18 | F51: =LOOKUP(D51,HYDRO!A:A) -> 8 | M51: =M50+0.2 -> 10.5 | N51: =LOOKUP(M51,HYDRO!A:A,HYDRO!E:E) -> 1456.38 | O51: =LOOKUP(M51,HYDRO!A:A) -> 10.4 | W51: =W50+0.2 -> 11.53 | X51: =LOOKUP(W51,HYDRO!A:A,HYDRO!E:E) -> 1514.16 | Y51: =LOOKUP(W51,HYDRO!A:A) -> 11.4
A52: MTC2 | B52: =E30+0.5 -> 8.97125 | D52: =ROUNDDOWN(B52,2) -> 8.97 | E52: =LOOKUP(D52,HYDRO!A:A,HYDRO!E:E) -> 1362.44 | F52: =LOOKUP(D52,HYDRO!A:A) -> 8.8 | G52: =(B52-F53)/(F52-F53)*(E52-E53)+E53 -> 1372.167 | J52: MTC2 | K52: =N30+0.5 -> 11.30898 | M52: =ROUNDDOWN(K52,2) -> 11.3 | N52: =LOOKUP(M52,HYDRO!A:A,HYDRO!E:E) -> 1502.86 | O52: =LOOKUP(M52,HYDRO!A:A) -> 11.2 | P52: =(K52-O53)/(O52-O53)*(N52-N53)+N53 -> 1509.0174 | T52: MTC2 | U52: =X30+0.5 -> 12.333552 | W52: =ROUNDDOWN(U52,2) -> 12.33 | X52: =LOOKUP(W52,HYDRO!A:A,HYDRO!E:E) -> 1558.61 | Y52: =LOOKUP(W52,HYDRO!A:A) -> 12.2 | Z52: =(U52-Y53)/(Y52-Y53)*(X52-X53)+X53 -> 1566.1624
D53: =D52+0.2 -> 9.17 | E53: =LOOKUP(D53,HYDRO!A:A,HYDRO!E:E) -> 1373.8 | F53: =LOOKUP(D53,HYDRO!A:A) -> 9 | M53: =M52+0.2 -> 11.5 | N53: =LOOKUP(M53,HYDRO!A:A,HYDRO!E:E) -> 1514.16 | O53: =LOOKUP(M53,HYDRO!A:A) -> 11.4 | W53: =W52+0.2 -> 12.53 | X53: =LOOKUP(W53,HYDRO!A:A,HYDRO!E:E) -> 1569.92 | Y53: =LOOKUP(W53,HYDRO!A:A) -> 12.4
G54: =G52-G50 -> 53.367 | J54: =VLOOKUP(N30,HYDRO!A2:F77,1) -> 10.8 | K54: =VLOOKUP(J54,HYDRO!A2:F77,2) -> 92563 | M54: =VLOOKUP(J54,HYDRO!A2:F77,3) -> 92.25 | N54: =VLOOKUP(J54,HYDRO!A2:F77,4) -> -1.4 | O54: =VLOOKUP(K54,HYDRO!B2:G77,4) -> 1479.68 | P54: =P52-P50 -> 58.084918 | Z54: =Z52-Z50 -> 55.756678
J55: =J54+0.2 -> 11 | K55: =VLOOKUP(J55,HYDRO!A3:F78,2) -> 94414 | M55: =VLOOKUP(J55,HYDRO!A2:F77,3) -> 92.51 | N55: =VLOOKUP(J55,HYDRO!A3:F78,4) -> -1.1 | O55: =VLOOKUP(K55,HYDRO!B3:G78,4) -> 1491.24
A56: 2ND TRIM CORRECTION | D56: =(D19*D19)*50*G54/DATA!C13 -> 21.278999 | J56: 2ND TRIM CORRECTION | M56: =(M19*M19)*50*P54/DATA!C13 -> 101.90859 | T56: 2ND TRIM CORRECTION | W56: =(W19*W19)*50*Z54/DATA!C13 -> 0.81462044
A59: 2ND APPARENT DISPLACEMENT | D59: =E33+D45+D56 -> 71168.33 | E59: =D59 -> 71168.33 | J59: 2ND APPARENT DISPLACEMENT | M59: =N33+M45+M56 -> 92591.532 | N59: =M59 -> 92591.532 | T59: 2ND APPARENT DISPLACEMENT | W59: =X33+W45+W56 -> 102181.11 | X59: =W59 -> 102181.11
A61: 1.025 | B61: ='DRAFT SURVEY'!C15 -> 1.02 | J61: 1.025 | T61: 1.025 | U61: ='DRAFT SURVEY'!K15 -> 1.0195
A62: DENSITY CORRECTION | D62: =('DRAFT SURVEY'!C15*D59)/1.025 -> 70821.168 | E62: =D62 -> 70821.168 | J62: DENSITY CORRECTION | M62: =('DRAFT SURVEY'!G15*M59)/1.025 -> 92185.033 | N62: =M62 -> 92185.033 | T62: DENSITY CORRECTION | W62: =('DRAFT SURVEY'!K15*W59)/1.025 -> 101632.82 | X62: =W62 -> 101632.82
A65: CONSTANT | D65: =D62-DATA!C12-'DRAFT SURVEY'!C17-'DRAFT SURVEY'!C18-'DRAFT SURVEY'!C19-'DRAFT SURVEY'!C20 -> 279.87784 | E65: =D65 -> 279.87784 | J65: CARGO | M65: =M62-'DRAFT SURVEY'!G17-'DRAFT SURVEY'!G18-'DRAFT SURVEY'!G19-'DRAFT SURVEY'!G20-'DRAFT SURVEY'!D23-DATA!C12 -> 74089.845 | N65: =M65 -> 74089.845 | T65: CARGO | W65: =W62-'DRAFT SURVEY'!K17-'DRAFT SURVEY'!K18-'DRAFT SURVEY'!K19-'DRAFT SURVEY'!K20-'DRAFT SURVEY'!D23-DATA!C12 -> 83601.745 | X65: =W65 -> 83601.745
